,state,fips,cases,deaths,iso_3166_2_code,retail_and_recreation_percent_change_from_baseline,grocery_and_pharmacy_percent_change_from_baseline,parks_percent_change_from_baseline,transit_stations_percent_change_from_baseline,workplaces_percent_change_from_baseline,residential_percent_change_from_baseline,percentchangehours,percentchangebusinesses,cases.nyt,deaths.nyt,positive,negative,hospitalizedCurrently,deaths.ctp,positiveIncrease,negativeIncrease,total,totalTestResults,totalTestResultsIncrease,posNeg,deathIncrease,hospitalizedIncrease,commercialScore,negativeRegularScore,negativeScore,positiveScore,score,ST,State.Abbreviation,State.FIPS.Code,State.of.emergency,Date.closed.K.12.schools,Closed.Bars,Religious.Gatherings.Exempt.Without.Clear.Social.Distance.Mandate.,Initially.reopen.restaurants.for.outdoor.dining.only,Reopened.hair.salons.barber.shops,Reopen.non.essential.construction,Reopen.Religious.gatherings,Reopen.non.essential.retail,Reopen.bars,Reopen.Childcare,Face.mask.mandate.enforced.by.fines,Face.mask.mandate.enforced.by.criminal.charge.citation,No.legal.enforcement.of.face.mask.mandate,Lift.Eviction.Moratorium,Prior.to.pandemic..no.state.unemployment.waiting.period..or.date.waiting.period.waived.not.found,Waive.work.search.requirement.for.unemployment.insurance,Expand.eligibility.of.unemployment.insurance.to.anyonewho.is.quarantined.and.or.taking.care.of.someone.who.is.quarantined,Expand.eligibility.to.high.risk.individuals.in.preventative.quarantine,Expand.eligibility.of.unemployment.insurance.to.those.who.have.lost.childcare.school.closures,Extend.the.amount.of.time.an.individual.can.be.on.unemployment.insurance,Weekly.unemployment.insurance.maximum.amount..dollars.,Weekly.unemployment.insurance.maximum.amount.with.extra.stimulus..through.July.21..2020...dollars.,Unemployment.insurance.maximum.duration..weeks.,Unemployment.insurance.maximum.duration.with.Pandemic.Emergency.Unemployment.Compensation.CARES.extension..weeks.,SNAP.Waiver.Emergency.Allotments.to.Current.SNAP.Households,SNAP.Waiver.Pandemic.EBT,SNAP.Waiver.Temporary.Suspension.of.Claims.Collection,X2020.Q1.SNAP.ABAWD.Time.Limit.Waiver,Modify.Medicaid.requirements.with.1135.waivers..date.of.CMS.approval.,Reopened.ACA.enrollment.using.a.special.enrollment.period,State.previously.allowed.audio.only.telehealth,Allow.audio.only.telehealth,Allow.expand.Medicaid.telehealth.coverage,State.had.CHIP.premium.non.payment.lock.out.period.as.of.January.2019,Supend.CHIP.premium.non.payment.lock.outs,Suspended.elective.medical.dental.procedures,Made.Effort.to.Limit.Abortion.Access,Use.of.telemedicine.for.schedule.II.V.prescriptions,Exceptions.to.emergency.oral.prescriptions,Paid.sick.leave,Medicaid.Expansion,Population.density.per.square.miles,Population.2018,Square.Miles,Number.Homeless..2019.,Percent.Unemployed..2018.,Percent.living.under.the.federal.poverty.line..2018.,Percent.at.risk.for.serious.illness.due.to.COVID,All.cause.deaths.2018,Mental.health.professionals.per.100.000.population.in.2019,party,voteshare,z.mask,mask_percent
0,Alabama,1.0,116.673258,503.59512195121954,[nan 'US-AL'],-11.726256983240223,2.4916201117318435,31.748603351955307,-5.35754189944134,-23.810055865921786,7.782122905027933,-35.0945945945946,-28.213333333333335,29203.733766233767,670.577922077922,28536.732919254657,241717.1265822785,750.9861111111111,685.7712418300654,660.304347826087,4463.819875776398,265750.63354037266,265749.8136645963,5124.124223602485,265749.8136645963,11.75776397515528,77.36645962732919,0.0,0.0,0.0,0.0,0.0,AL,AL,1.0,1,1,1,0.0,0.0,1,1,1,1,1,1,0.0,0.0,1.0,1,0.0,1.0,1.0,0.0,0.0,0.0,275.0,875.0,26.0,39.0,1,1,1,0.0,1,1,0.0,1,1,0.0,0.0,1,1.0,1,1,0.0,0.0,93.24000000000008,4887871.0,52420.0,3261.0,5.600000000000004,16.800000000000058,43.10000000000016,54352.0,100.70000000000039,1,0.6208309236440923,-3.620000000000004,38.0
1,Alaska,2.0,99.20083557,8.721951219512196,[nan 'US-AK'],-2.9329608938547485,7.223463687150838,97.75280898876404,-14.88268156424581,-23.011173184357542,6.653631284916201,-32.0,-22.92,1084.0064516129032,9.780645161290323,1026.6975308641975,77233.85802469136,22.51260504201681,11.203703703703704,30.055555555555557,1796.6172839506173,78260.97530864198,78260.55555555556,1826.6728395061727,78260.55555555556,0.16666666666666666,0.0,0.0,0.0,0.0,0.0,0.0,AK,AK,2.0,1,1,1,0.0,0.0,1,1,1,1,1,1,0.0,0.0,0.0,1,0.0,1.0,1.0,0.0,1.0,0.0,370.0,970.0,26.0,39.0,1,1,1,1.0,1,1,0.0,1,1,0.0,0.0,1,1.0,1,1,0.0,1.0,1.1100000000000059,737438.0,665384.0,1907.0,6.799999999999974,10.900000000000043,32.80000000000012,4453.0,429.89999999999924,1,0.512815120775372,-0.25,42.0
2,Arizona,4.0,129.9784297,949.2682926829268,[nan 'US-AZ'],-21.212290502793294,-6.5307262569832405,-10.268156424581006,-26.022346368715084,-30.41340782122905,10.050279329608939,-37.770270270270274,-27.733333333333334,41550.880597014926,969.3283582089553,52047.67682926829,277280.18902439025,1670.0967741935483,1281.5032258064516,1169.0182926829268,5340.408536585366,329334.60975609755,329327.8658536585,6509.426829268293,329327.8658536585,26.96951219512195,125.0670731707317,0.0,0.0,0.0,0.0,0.0,AZ,AZ,4.0,1,1,1,1.0,0.0,1,1,1,1,1,1,0.0,0.0,0.0,1,0.0,1.0,1.0,0.0,1.0,0.0,240.0,840.0,26.0,39.0,1,1,1,1.0,1,1,0.0,1,1,1.0,1.0,1,0.0,1,1,1.0,1.0,62.90999999999988,7171646.0,113990.0,10007.0,5.399999999999992,14.0,39.10000000000015,59282.0,132.90000000000043,1,0.4867161647232089,-7.430000000000006,36.0
3,Arkansas,5.0,128.9831992,135.00975609756097,[nan 'US-AR'],-7.5363128491620115,5.5307262569832405,67.68156424581005,-6.301675977653631,-22.56983240223464,6.391061452513966,-36.2027027027027,-26.36,14115.705128205129,177.5,13842.641975308641,172003.8148148148,219.0,192.68493150684932,323.4074074074074,3310.259259259259,185851.45061728396,185846.45679012345,3633.6666666666665,185846.45679012345,3.623456790123457,22.012345679012345,0.0,0.0,0.0,0.0,0.0,AR,AR,5.0,1,1,1,0.0,0.0,1,1,1,1,1,1,1.0,1.0,0.0,1,0.0,1.0,1.0,0.0,0.0,0.0,451.0,1051.0,20.0,33.0,1,1,1,0.0,1,1,0.0,1,1,0.0,0.0,1,1.0,1,1,0.0,1.0,56.670000000000066,3013825.0,53179.0,2717.0,4.5,17.199999999999942,43.5,32336.0,231.59999999999914,1,0.6057410216382814,-2.079999999999997,39.0
4,California,6.0,101.2907181,3162.0780487804877,[nan 'US-CA'],-31.519553072625698,-7.145251396648045,-5.312849162011173,-37.212290502793294,-33.3463687150838,12.960893854748603,-45.82432432432432,-36.38666666666666,133082.03465346535,3220.7772277227723,163704.96341463414,2535358.2439024393,5407.212765957447,4176.025641025641,3664.768292682927,54604.03048780488,2704033.3292682925,2699063.2073170734,58268.79878048781,2699063.2073170734,67.04878048780488,0.0,0.0,0.0,0.0,0.0,0.0,CA,CA,6.0,1,1,1,0.0,0.0,1,1,1,1,1,1,0.0,0.0,1.0,1,0.0,1.0,1.0,0.0,0.0,0.0,450.0,1050.0,26.0,39.0,1,1,1,1.0,1,1,0.0,1,1,0.0,0.0,1,0.0,1,1,1.0,1.0,241.6500000000009,39557045.0,163695.0,151278.0,5.5,12.800000000000015,33.30000000000012,268818.0,356.1999999999986,0,0.31617106538439504,18.159999999999954,52.0
5,Colorado,8.0,100.1665479,849.009756097561,[nan 'US-CO'],-19.22905027932961,-2.335195530726257,48.055865921787706,-31.547486033519554,-31.625698324022345,10.184357541899441,-40.0945945945946,-31.666666666666668,22802.012345679013,1075.2345679012346,22670.460122699387,184613.0490797546,498.0068493150685,1017.1233766233767,320.36196319018404,3442.5030674846626,207284.25153374232,266509.46794871794,5136.748466257669,207283.50920245398,10.815950920245399,41.104294478527606,0.0,0.0,0.0,0.0,0.0,CO,CO,8.0,1,1,1,1.0,0.0,1,1,1,1,1,1,0.0,0.0,0.0,1,0.0,0.0,0.0,0.0,0.0,0.0,618.0,1218.0,26.0,39.0,1,1,1,1.0,1,1,0.0,1,1,0.0,0.0,1,0.0,1,1,0.0,1.0,54.719999999999885,5695564.0,104094.0,9619.0,3.899999999999986,9.599999999999964,31.30000000000011,38526.0,356.40000000000026,0,0.4325139737143086,5.13,49.0
6,Connecticut,9.0,98.49376474,2194.790243902439,[nan 'US-CT'],-18.8268156424581,-6.016759776536313,65.43016759776536,-28.692737430167597,-31.05586592178771,11.150837988826815,-48.67567567567568,-36.64,32027.01886792453,2829.761006289308,31916.658385093167,276053.79375,632.7123287671233,3047.2953020134228,316.1304347826087,5508.031055900621,306255.88198757765,306255.83229813667,5824.16149068323,306255.83229813667,27.658385093167702,68.41614906832298,0.0,0.0,0.0,0.0,0.0,CT,CT,9.0,1,1,1,0.0,1.0,1,1,1,1,1,1,0.0,0.0,1.0,1,1.0,1.0,0.0,0.0,1.0,0.0,649.0,1249.0,26.0,39.0,1,1,1,1.0,1,1,0.0,1,1,0.0,0.0,1,0.0,1,1,1.0,1.0,644.5399999999972,3572665.0,5543.0,3033.0,5.5,10.40000000000004,36.0,31230.0,396.8999999999997,0,0.4092691437881499,2.1299999999999963,47.0
7,Delaware,10.0,160.5464473,231.79024390243902,[nan 'US-DE'],-14.949720670391061,-3.782122905027933,46.65584415584416,-25.575418994413408,-29.05586592178771,10.30167597765363,-40.270270270270274,-35.8,7832.166666666667,304.61538461538464,7635.808641975309,63159.654320987655,135.6083916083916,334.875,100.8641975308642,1179.783950617284,70796.25308641975,70795.46296296296,1280.648148148148,70795.46296296296,3.6604938271604937,0.0,0.0,0.0,0.0,0.0,0.0,DE,DE,10.0,1,1,1,1.0,0.0,1,1,1,1,1,1,0.0,1.0,0.0,1,1.0,1.0,1.0,1.0,1.0,1.0,400.0,1000.0,26.0,39.0,1,1,1,0.0,1,1,1.0,1,1,0.0,0.0,1,0.0,1,1,0.0,1.0,388.58000000000135,967171.0,2489.0,921.0,5.700000000000022,12.5,41.3000000000001,9433.0,262.59999999999906,0,0.4192282433931923,-0.7299999999999995,41.0
8,District of Columbia,11.0,51.1198568,267.37560975609756,[nan 'US-DC'],-46.11731843575419,-19.87150837988827,-33.45810055865922,-57.642458100558656,-46.04469273743017,16.664804469273744,-56.513513513513516,-45.29333333333334,6812.96875,342.59375,6766.963190184049,60042.89570552147,223.47457627118644,371.81208053691273,80.47852760736197,1369.2085889570553,66810.41104294479,66809.85889570552,1449.6871165644172,66809.85889570552,3.644171779141104,0.0,0.0,0.0,0.0,0.0,0.0,DC,DC,11.0,1,1,1,0.0,1.0,1,1,1,1,1,1,1.0,0.0,0.0,1,0.0,1.0,1.0,0.0,0.0,0.0,444.0,1044.0,26.0,39.0,1,1,1,1.0,1,1,0.0,1,1,0.0,0.0,1,0.0,1,1,1.0,1.0,11496.810000000043,702455.0,61.10000000000022,6521.0,7.5,16.19999999999995,31.800000000000114,5008.0,508.60000000000156,0,0.04070383108054078,3.9299999999999855,56.0
9,Florida,12.0,122.9073738,2054.048780487805,[nan 'US-FL'],-24.670391061452513,-10.441340782122905,-21.45810055865922,-38.53631284916201,-29.508379888268156,10.636871508379889,-42.25675675675676,-34.013333333333335,127841.46987951807,2536.873493975904,132757.96951219512,1169727.012195122,8101.527777777777,2803.433121019108,3434.6524390243903,21934.48780487805,1303992.6768292682,1302484.981707317,25369.14024390244,1302484.981707317,56.5609756097561,204.6829268292683,0.0,0.0,0.0,0.0,0.0,FL,FL,12.0,1,1,1,1.0,0.0,1,1,1,1,1,1,0.0,0.0,0.0,1,0.0,1.0,1.0,0.0,0.0,0.0,275.0,875.0,12.0,25.0,1,1,1,0.0,1,1,0.0,1,1,1.0,0.0,1,0.0,1,1,0.0,0.0,323.9000000000009,21299325.0,65758.0,28328.0,5.20000000000002,13.599999999999948,42.10000000000016,205426.0,160.5,1,0.4902194141659067,1.0600000000000018,44.0
10,Georgia,13.0,110.8212468,1436.0585365853658,[nan 'US-GA'],-15.782122905027933,-2.2960893854748603,26.51396648044693,-31.201117318435752,-29.41899441340782,9.77094972067039,-37.648648648648646,-30.626666666666665,58329.75151515152,1755.4545454545455,64170.59146341463,553783.1933333334,1748.132075471698,1924.2064516129033,1413.9817073170732,10598.524390243903,570679.6097560975,570679.6097560975,12012.506097560976,570679.6097560975,27.884146341463413,133.03658536585365,0.0,0.0,0.0,0.0,0.0,GA,GA,13.0,1,1,1,0.0,0.0,1,1,1,1,1,1,0.0,0.0,0.0,1,1.0,1.0,1.0,1.0,1.0,1.0,365.0,965.0,14.0,27.0,1,1,1,1.0,1,1,0.0,1,1,0.0,0.0,1,0.0,1,1,0.0,0.0,177.02,10519475.0,59425.0,10443.0,4.799999999999982,14.300000000000034,36.199999999999875,85202.0,137.29999999999953,1,0.5077132605477076,2.290000000000008,45.0
11,Hawaii,15.0,28.23529088,11.707317073170731,[nan 'US-HI'],-33.910614525139664,-17.737430167597765,-37.18994413407821,-51.31843575418994,-31.793296089385475,12.972067039106145,-54.554054054054056,-43.17333333333333,869.6086956521739,14.75776397515528,883.8757763975156,58137.566666666666,69.3125,17.74264705882353,26.77639751552795,927.360248447205,55049.31055900621,55049.31055900621,954.1366459627329,55049.31055900621,0.2484472049689441,1.6583850931677018,0.0,0.0,0.0,0.0,0.0,HI,HI,15.0,1,1,1,0.0,0.0,1,1,1,1,1,1,1.0,1.0,0.0,1,0.0,1.0,0.0,0.0,1.0,0.0,648.0,1248.0,26.0,39.0,1,1,1,1.0,1,1,0.0,1,1,0.0,0.0,1,0.0,1,1,0.0,1.0,129.9399999999996,1420491.0,10932.0,6412.0,3.799999999999989,8.79999999999997,39.10000000000015,11415.0,250.5,0,0.29439707172625695,5.269999999999987,58.0
12,Idaho,16.0,109.3259442,61.546341463414635,[nan 'US-ID'],-6.290502793296089,9.491620111731844,127.63354037267081,1.3966480446927374,-24.58100558659218,5.675977653631285,-28.635135135135137,-23.96,6255.551948051948,82.98051948051948,5947.341614906833,60088.25465838509,79.55633802816901,86.86986301369863,165.40993788819875,1189.832298136646,66035.59627329193,66035.59627329193,1355.2422360248447,66035.59627329193,1.5590062111801242,6.633540372670807,0.0,0.0,0.0,0.0,0.0,ID,ID,16.0,1,1,1,0.0,0.0,1,1,1,1,1,1,0.0,0.0,0.0,1,0.0,1.0,1.0,1.0,0.0,0.0,448.0,1048.0,20.0,33.0,1,1,1,1.0,1,1,0.0,1,1,0.0,0.0,1,0.0,1,1,0.0,1.0,20.98999999999989,1754208.0,83569.0,2315.0,4.0,11.8,36.199999999999875,14261.0,208.80000000000032,1,0.592614323691972,-5.039999999999987,31.0
13,Illinois,17.0,111.181864,3307.360975609756,[nan 'US-IL'],-21.379888268156424,-1.8268156424581006,46.29608938547486,-31.324022346368714,-31.22905027932961,10.70949720670391,-47.891891891891895,-37.92,74732.39408866996,3377.729064039409,93492.60365853658,927448.743902439,2798.6846153846154,4579.609271523179,1244.0182926829268,18795.932926829268,1020946.1768292683,1020941.3475609756,20039.951219512193,1020941.3475609756,48.36585365853659,0.0,0.0,0.0,0.0,0.0,0.0,IL,IL,17.0,1,1,1,0.0,1.0,1,1,1,1,1,1,0.0,0.0,1.0,1,0.0,1.0,1.0,0.0,1.0,0.0,484.0,1084.0,26.0,39.0,1,1,1,1.0,1,1,0.0,1,1,0.0,0.0,1,0.0,1,1,0.0,1.0,220.0,12741080.0,57914.0,10199.0,5.5,12.099999999999953,36.199999999999875,110022.0,228.80000000000055,0,0.3876175307382538,0.08999999999999989,43.0
14,Indiana,18.0,113.9429386,1300.0341463414634,[nan 'US-IN'],-10.703910614525139,1.7932960893854748,102.48603351955308,-4.279329608938547,-26.044692737430168,8.044692737430168,-40.25675675675676,-32.0,31721.416149068322,1667.9813664596272,31287.234567901236,274458.5189873418,984.625,1751.064935064935,485.37654320987656,4986.771604938272,298969.0,298969.0,5472.148148148148,298969.0,19.21604938271605,60.5,0.0,0.0,0.0,0.0,0.0,IN,IN,18.0,1,1,1,0.0,0.0,1,1,1,1,1,1,0.0,0.0,0.0,1,0.0,1.0,1.0,0.0,1.0,0.0,390.0,990.0,26.0,39.0,1,1,1,0.0,1,1,0.0,1,1,1.0,0.0,1,1.0,1,1,0.0,1.0,183.74000000000032,6691878.0,36420.0,5471.0,4.399999999999985,13.099999999999952,39.89999999999985,65693.0,160.0,1,0.5694003344841142,-6.070000000000007,36.0
15,Iowa,19.0,116.3556481,333.44878048780487,[nan 'US-IA'],-13.452513966480447,13.145251396648044,129.16201117318437,-4.4860335195530725,-23.35754189944134,7.335195530726257,-31.824324324324323,-29.48,19079.14465408805,430.76100628930817,18959.938271604937,166326.01234567902,234.02797202797203,483.8181818181818,314.39506172839504,3020.3086419753085,185286.5987654321,185285.95061728396,3334.703703703704,185285.95061728396,5.962962962962963,0.0,0.0,0.0,0.0,0.0,0.0,IA,IA,19.0,1,1,1,0.0,0.0,1,1,1,1,1,1,0.0,0.0,0.0,1,1.0,1.0,1.0,1.0,1.0,0.0,481.0,1081.0,26.0,39.0,1,1,1,0.0,1,1,0.0,1,1,0.0,1.0,1,1.0,1,1,0.0,1.0,56.09000000000011,3156145.0,56273.0,2315.0,3.6000000000000134,11.200000000000008,36.899999999999864,30367.0,155.7000000000005,1,0.5116206134467759,-8.319999999999988,29.0
16,Kansas,20.0,113.7102264,146.41951219512194,[nan 'US-KS'],-12.497206703910615,-0.05027932960893855,97.24022346368714,-1.6312849162011174,-25.11173184357542,7.5195530726256985,-27.16216216216216,-25.64,10729.5125,187.5125,10652.166666666666,103180.74691358025,313.04761904761904,191.6883116883117,209.16666666666666,1908.358024691358,113833.05555555556,113832.91358024691,2117.5246913580245,113832.91358024691,2.4814814814814814,12.469135802469136,0.0,0.0,0.0,0.0,0.0,KS,KS,20.0,1,1,1,1.0,0.0,1,1,1,1,1,1,0.0,0.0,1.0,1,0.0,1.0,0.0,0.0,0.0,1.0,488.0,1088.0,16.0,29.0,1,1,1,0.0,1,1,0.0,1,1,1.0,1.0,1,0.0,1,1,0.0,0.0,35.39000000000012,2911505.0,82278.0,2381.0,3.799999999999989,12.0,38.0,27537.0,196.69999999999985,0,0.5665458180583979,-6.009999999999992,32.0
17,Kentucky,21.0,107.3250336,291.3414634146341,[nan 'US-KY'],-13.29050279329609,4.675977653631285,74.08379888268156,-11.446927374301676,-26.670391061452513,7.994413407821229,-42.12162162162162,-35.626666666666665,11513.875776397515,382.6770186335404,11362.74074074074,219575.0061728395,445.81889763779526,390.90909090909093,236.40740740740742,4088.5,230937.76543209876,230937.74691358025,4324.907407407408,230937.74691358025,4.962962962962963,25.666666666666668,0.0,0.0,0.0,0.0,0.0,KY,KY,21.0,1,1,1,0.0,0.0,1,1,1,1,1,1,0.0,0.0,1.0,1,0.0,1.0,1.0,1.0,0.0,0.0,552.0,1152.0,26.0,39.0,1,1,1,1.0,1,1,0.0,1,1,0.0,0.0,1,1.0,1,1,0.0,1.0,110.58000000000044,4468402.0,40408.0,4079.0,5.20000000000002,16.90000000000006,43.60000000000017,48707.0,227.5,1,0.6251963855190031,-7.75,32.0
18,Louisiana,22.0,117.8857119,1777.7170731707317,[nan 'US-LA'],-16.368715083798882,0.4245810055865922,-1.005586592178771,-21.363128491620113,-26.491620111731844,8.893854748603353,-43.82432432432432,-34.42666666666667,47524.43670886076,2307.0,47408.16149068323,457314.35,1211.1944444444443,2406.875816993464,849.2981366459627,9318.478260869566,501882.049689441,501882.049689441,10167.776397515529,501882.049689441,27.51552795031056,0.0,0.0,0.0,0.0,0.0,0.0,LA,LA,22.0,1,1,1,0.0,1.0,1,1,1,1,1,1,0.0,0.0,1.0,1,0.0,1.0,1.0,0.0,1.0,0.0,247.0,847.0,26.0,39.0,1,1,1,1.0,1,1,0.0,1,1,1.0,1.0,1,1.0,1,1,0.0,1.0,88.96999999999986,4659978.0,52378.0,2941.0,6.4000000000000075,18.599999999999937,42.10000000000016,46048.0,264.59999999999906,0,0.58088684653569,-2.990000000000007,39.0
19,Maine,23.0,51.86591787,54.65853658536585,[nan 'US-ME'],-11.687150837988828,2.7039106145251397,119.9608938547486,-11.972067039106145,-25.910614525139664,7.804469273743017,-41.527027027027025,-38.266666666666666,2096.0387096774193,72.3225806451613,2043.5465838509317,61372.46583850931,29.548387096774192,80.39716312056737,25.559006211180126,1247.9937888198758,63416.51552795031,63416.01242236025,1273.552795031056,63416.01242236025,0.782608695652174,2.4782608695652173,0.0,0.0,0.0,0.0,0.0,ME,ME,23.0,1,1,1,0.0,1.0,1,1,1,1,1,1,0.0,0.0,1.0,1,0.0,1.0,1.0,0.0,0.0,0.0,445.0,1045.0,26.0,39.0,1,1,1,1.0,1,1,0.0,1,1,1.0,1.0,1,0.0,1,1,0.0,1.0,37.82999999999994,1338404.0,35380.0,2106.0,3.5,11.599999999999955,42.5,14715.0,474.6000000000012,0,0.4347667808449905,-2.2799999999999883,38.0
20,Maryland,24.0,75.93945112,1514.8634146341462,[nan 'US-MD'],-21.05586592178771,-7.201117318435754,62.03351955307262,-34.90502793296089,-34.19553072625698,13.23463687150838,-41.41891891891892,-35.57333333333333,43295.10493827161,1921.4876543209878,43316.88343558282,306350.9325153374,911.1637931034483,2117.6953642384105,606.5950920245399,6204.791411042945,349667.9754601227,349667.8159509202,6811.386503067484,349667.8159509202,22.2760736196319,82.87116564417178,0.0,0.0,0.0,0.0,0.0,MD,MD,24.0,1,1,1,0.0,1.0,1,1,1,1,1,1,1.0,1.0,0.0,1,1.0,1.0,1.0,0.0,0.0,0.0,430.0,1030.0,26.0,39.0,1,1,1,1.0,1,1,0.0,1,1,0.0,0.0,1,0.0,1,1,1.0,1.0,487.08000000000146,6042718.0,12406.0,6561.0,4.899999999999984,9.0,37.100000000000136,50568.0,257.40000000000094,1,0.3390930472854783,4.179999999999983,49.0
21,Massachusetts,25.0,102.5875554,3975.809756097561,[nan 'US-MA'],-24.821229050279328,-9.955307262569832,52.98324022346369,-46.597765363128495,-36.44692737430167,13.296089385474861,-55.08108108108108,-43.96,60623.97435897436,4183.138461538461,76616.51282051283,508176.4705882353,1718.142857142857,5546.2266666666665,785.4038461538462,8262.826923076924,575020.358974359,575020.358974359,9048.23076923077,575020.358974359,56.43589743589744,77.88461538461539,0.0,0.0,0.0,0.0,0.0,MA,MA,25.0,1,1,1,0.0,1.0,1,1,1,1,1,1,1.0,0.0,0.0,1,0.0,1.0,1.0,1.0,0.0,0.0,823.0,1423.0,26.0,39.0,1,1,1,1.0,1,1,0.0,1,1,1.0,0.0,1,0.0,1,1,1.0,1.0,653.979999999999,6902149.0,10554.0,18471.0,4.799999999999982,10.0,34.600000000000115,59152.0,626.6000000000024,1,0.3228620279085509,2.329999999999995,46.0
22,Michigan,26.0,100.8892136,3324.2243902439022,[nan 'US-MI'],-19.335195530726256,-3.111731843575419,130.37988826815644,-21.893854748603353,-32.391061452513966,10.446927374301676,-48.986486486486484,-43.38666666666666,51734.80891719745,4266.668789808918,52632.11976047904,648610.1840490798,1260.8203125,4730.496688741722,603.0838323353294,12936.688622754491,685708.0179640718,685706.7305389221,13539.77245508982,685706.7305389221,39.31736526946108,0.0,0.0,0.0,0.0,0.0,0.0,MI,MI,26.0,1,1,1,1.0,1.0,1,1,1,1,1,1,1.0,1.0,1.0,1,1.0,1.0,1.0,1.0,1.0,1.0,362.0,962.0,20.0,33.0,1,1,1,1.0,1,1,1.0,1,1,0.0,0.0,1,0.0,1,1,1.0,1.0,103.3600000000003,9995915.0,96714.0,8575.0,5.29999999999998,14.099999999999946,41.1999999999999,98903.0,265.40000000000094,0,0.4749756421999614,3.259999999999993,46.0
23,Minnesota,27.0,107.441627,661.2536585365854,[nan 'US-MN'],-18.675977653631286,-0.2346368715083799,98.41899441340782,-35.77653631284916,-30.156424581005588,10.458100558659218,-39.91891891891892,-33.54666666666667,22507.832298136647,842.0372670807453,23564.765432098764,333612.98148148146,322.02097902097904,934.0,393.34567901234567,5615.969135802469,357177.7469135802,357177.7469135802,6009.314814814815,357177.7469135802,10.734567901234568,35.69753086419753,0.0,0.0,0.0,0.0,0.0,MN,MN,27.0,1,1,1,0.0,1.0,1,1,1,1,1,1,0.0,0.0,0.0,1,0.0,0.0,1.0,1.0,1.0,0.0,462.0,1062.0,26.0,39.0,1,1,1,1.0,1,1,0.0,1,1,0.0,0.0,1,0.0,1,1,0.0,1.0,64.54000000000032,5611179.0,86936.0,7977.0,3.399999999999987,9.599999999999964,33.899999999999885,44745.0,250.69999999999925,0,0.44925193104277156,-7.2100000000000195,33.0
24,Mississippi,28.0,117.6842844,546.6390243902439,[nan 'US-MS'],-6.743016759776537,3.1620111731843576,23.217877094972067,-4.128491620111732,-23.60335195530726,7.022346368715084,-34.472972972972975,-30.586666666666666,20509.46794871795,718.5512820512821,20293.993788819876,168528.4585987261,801.5982905982906,770.8378378378378,440.55900621118013,2733.614906832298,184635.4099378882,184635.4099378882,3174.1739130434785,184635.4099378882,12.68944099378882,30.267080745341616,0.0,0.0,0.0,0.0,0.0,MS,MS,28.0,1,1,1,0.0,0.0,1,1,1,1,1,1,0.0,0.0,1.0,1,0.0,1.0,1.0,0.0,0.0,0.0,235.0,835.0,26.0,39.0,1,1,1,0.0,1,1,0.0,1,1,0.0,0.0,1,1.0,1,1,0.0,0.0,61.65999999999989,2986530.0,48432.0,1184.0,7.0999999999999845,19.699999999999925,42.5,32301.0,159.0,1,0.5794103808883584,0.6500000000000025,44.0
25,Missouri,29.0,110.9256946,521.7756097560975,[nan 'US-MO'],-10.418994413407821,3.8603351955307263,69.33519553072625,-13.106145251396647,-24.441340782122904,7.374301675977653,-33.2027027027027,-29.28,17567.79375,649.93125,17359.434782608696,246262.5064102564,756.9022556390977,659.8701298701299,405.40372670807454,4718.006211180124,255974.03726708074,255974.03726708074,5123.409937888198,255974.03726708074,8.29192546583851,0.0,0.0,0.0,0.0,0.0,0.0,MO,MO,29.0,1,1,1,1.0,0.0,1,1,1,1,1,1,0.0,0.0,0.0,1,1.0,1.0,1.0,0.0,0.0,0.0,320.0,920.0,13.0,26.0,1,1,1,0.0,1,1,0.0,1,1,1.0,1.0,1,0.0,1,1,0.0,0.0,87.88999999999976,6126452.0,69707.0,6179.0,4.200000000000014,13.19999999999998,40.5,63117.0,193.6999999999999,1,0.5677234783816194,-4.639999999999988,37.0
26,Montana,30.0,107.4887593,16.570731707317073,[nan 'US-MT'],-6.815642458100559,11.94413407821229,102.52513966480447,2.1731843575418996,-22.122905027932962,5.072625698324022,-32.945945945945944,-23.933333333333334,1166.3831168831168,22.071428571428573,1144.223602484472,58719.24844720497,23.8359375,24.8,34.41614906832298,1206.888198757764,59863.82608695652,59863.472049689444,1241.304347826087,59863.472049689444,0.5031055900621118,1.9813664596273293,0.0,0.0,0.0,0.0,0.0,MT,MT,30.0,1,1,1,0.0,0.0,1,1,1,1,1,1,0.0,0.0,0.0,1,0.0,1.0,1.0,0.0,0.0,0.0,552.0,1152.0,28.0,41.0,1,1,1,1.0,1,1,0.0,1,1,0.0,0.0,1,0.0,1,1,0.0,1.0,7.220000000000022,1062305.0,147040.0,1357.0,3.5,13.0,39.0,9992.0,295.3000000000011,0,0.564661918685772,-7.160000000000018,23.0
27,Nebraska,31.0,116.7624435,121.61951219512196,[nan 'US-NE'],-12.128491620111731,3.3798882681564244,96.1731843575419,-1.2737430167597765,-24.251396648044693,8.156424581005586,-23.54054054054054,-20.426666666666666,10703.089385474861,143.25698324022346,11742.98773006135,96073.06134969325,137.10666666666665,168.59060402684563,181.96319018404907,1745.6871165644172,107817.7055214724,107816.04907975461,1927.6503067484662,107816.04907975461,2.208588957055215,11.533742331288343,0.0,0.0,0.0,0.0,0.0,NE,NE,31.0,1,1,1,0.0,0.0,1,1,1,1,1,1,0.0,0.0,0.0,1,0.0,1.0,1.0,0.0,0.0,0.0,440.0,1040.0,26.0,39.0,1,1,1,0.0,1,1,0.0,1,1,0.0,0.0,1,1.0,1,1,0.0,1.0,24.93999999999996,1929268.0,77348.0,2365.0,3.5,11.0,36.600000000000136,16904.0,254.69999999999922,1,0.5874735112712565,-3.8400000000000043,34.0
28,Nevada,32.0,115.3402645,294.70243902439023,[nan 'US-NV'],-21.849162011173185,-3.888268156424581,-17.502793296089386,-34.50837988826816,-34.76536312849162,11.016759776536313,-49.63513513513514,-40.28,14850.753086419752,374.44444444444446,15070.19018404908,160320.34969325154,658.4466019417475,389.0920245398773,366.55214723926383,2935.2208588957055,175391.54601226994,175390.53987730062,3301.7730061349694,175390.53987730062,6.411042944785276,0.0,0.0,0.0,0.0,0.0,0.0,NV,NV,32.0,1,1,1,0.0,0.0,1,1,1,1,1,1,1.0,1.0,0.0,1,0.0,1.0,0.0,0.0,0.0,0.0,469.0,1069.0,26.0,39.0,1,1,1,1.0,1,1,0.0,1,1,1.0,1.0,1,0.0,1,1,1.0,1.0,27.439999999999923,3034392.0,110572.0,7169.0,5.600000000000004,12.900000000000048,36.10000000000013,24715.0,211.59999999999917,0,0.4550069531760243,1.120000000000003,45.0
29,New Hampshire,33.0,73.22894836,162.390243902439,[nan 'US-NH'],-12.59217877094972,-1.1229050279329609,107.6927374301676,-19.0,-28.592178770949722,10.100558659217876,-49.08108108108108,-36.81333333333333,3556.3151515151517,202.25454545454545,3584.5975609756097,66087.10975609756,63.54471544715447,232.04861111111111,42.1890243902439,1065.1524390243903,69939.74390243902,69671.70731707317,1107.341463414634,69671.70731707317,2.573170731707317,4.298780487804878,0.0,0.0,0.0,0.0,0.0,NH,NH,33.0,1,1,1,0.0,1.0,1,1,1,1,1,1,0.0,0.0,0.0,1,0.0,0.0,1.0,1.0,1.0,0.0,427.0,1027.0,26.0,39.0,1,1,1,0.0,1,1,0.0,1,1,0.0,0.0,1,0.0,1,1,0.0,1.0,145.09000000000012,1356458.0,9349.0,1396.0,3.6000000000000134,7.599999999999978,40.5,12774.0,307.30000000000115,1,0.4645866698195352,1.4700000000000033,46.0
30,New Jersey,34.0,111.9907064,7885.048780487805,[nan 'US-NJ'],-30.69832402234637,-6.145251396648045,68.75977653631286,-42.8268156424581,-35.8268156424581,14.22905027932961,-46.770270270270274,-36.57333333333333,120957.47239263804,9142.938650306749,121524.89570552147,744733.125,2861.7535211267605,10364.350318471337,1148.239263803681,13758.754601226994,852599.0797546012,852551.2760736196,14906.993865030674,852551.2760736196,97.56441717791411,135.95705521472394,0.0,0.0,0.0,0.0,0.0,NJ,NJ,34.0,1,1,1,0.0,1.0,1,1,1,1,1,1,0.0,0.0,1.0,1,1.0,1.0,1.0,0.0,1.0,0.0,713.0,1313.0,26.0,39.0,1,1,1,1.0,1,1,0.0,1,1,1.0,1.0,1,0.0,1,1,1.0,1.0,1021.2699999999969,8908520.0,8723.0,8862.0,4.899999999999984,9.5,34.600000000000115,75765.0,220.69999999999956,0,0.4135038665002936,12.280000000000019,56.0
31,New Mexico,35.0,99.70711048,237.0829268292683,[nan 'US-NM'],-17.067039106145252,2.106145251396648,18.385474860335197,-12.703910614525139,-28.268156424581004,9.513966480446927,-42.24324324324324,-32.64,8440.871794871795,311.95512820512823,8130.938271604939,209604.3950617284,144.82142857142858,340.3916083916084,141.89506172839506,3873.382716049383,217735.33333333334,217735.33333333334,4015.277777777778,217735.33333333334,4.302469135802469,18.074074074074073,0.0,0.0,0.0,0.0,0.0,NM,NM,35.0,1,1,1,1.0,1.0,1,1,1,1,1,1,0.0,0.0,1.0,1,0.0,1.0,1.0,0.0,0.0,0.0,511.0,1111.0,26.0,39.0,1,1,1,1.0,1,1,0.0,1,1,0.0,0.0,1,0.0,1,1,0.0,1.0,17.230000000000015,2095428.0,121590.0,3241.0,6.099999999999996,19.5,39.39999999999985,19007.0,388.8000000000015,0,0.400425143332427,-2.1100000000000096,39.0
32,New York,36.0,58.11709959,18239.756097560974,[nan 'US-NY'],-33.564245810055866,-6.988826815642458,26.743016759776538,-46.06145251396648,-36.452513966480446,13.513966480446927,-54.83783783783784,-46.18666666666667,286185.1385542169,21819.897590361445,288511.85975609755,2118055.951219512,5470.112582781457,18844.875816993463,2586.3475609756097,39497.689024390245,2406570.9817073173,2406567.81097561,42084.03658536585,2406567.81097561,153.85365853658536,548.75,0.0,0.0,0.0,0.0,0.0,NY,NY,36.0,1,1,1,1.0,1.0,1,1,1,1,1,1,1.0,0.0,0.0,1,0.0,0.0,0.0,0.0,1.0,0.0,504.0,1104.0,26.0,39.0,1,1,1,1.0,1,1,0.0,1,1,0.0,0.0,1,0.0,1,1,0.0,1.0,358.21000000000004,19542209.0,54555.0,92091.0,5.0,13.599999999999948,36.899999999999864,157183.0,291.099999999999,0,0.3239060230574307,14.739999999999934,53.0
33,North Carolina,37.0,100.6433519,677.9365853658536,[nan 'US-NC'],-15.76536312849162,-0.3854748603351955,41.53072625698324,-25.039106145251395,-27.491620111731844,8.754189944134078,-41.472972972972975,-31.453333333333333,41253.365853658535,843.1829268292682,42017.993902439026,580549.1282051282,721.951048951049,905.9736842105264,866.8841463414634,10580.682926829268,594249.493902439,594247.6524390244,11447.567073170732,594247.6524390244,14.103658536585366,0.0,0.0,0.0,0.0,0.0,0.0,NC,NC,37.0,1,1,1,1.0,0.0,1,1,1,1,1,1,0.0,0.0,1.0,1,0.0,1.0,1.0,1.0,0.0,0.0,350.0,950.0,12.0,25.0,1,1,1,0.0,1,1,0.0,1,1,0.0,0.0,1,0.0,1,1,0.0,0.0,192.9399999999999,10383620.0,53819.0,9314.0,5.0,14.0,39.0,93885.0,243.5999999999991,0,0.49828094696180264,-5.929999999999992,37.0
34,North Dakota,38.0,143.3382878,39.360975609756096,[nan 'US-ND'],-11.296089385474861,0.9217877094972067,94.63313609467455,-8.8268156424581,-20.564245810055866,6.854748603351955,-30.324324324324323,-18.973333333333333,2639.980769230769,54.17307692307692,2606.2919254658386,66145.48447204969,32.06060606060606,47.10322580645161,51.68944099378882,1045.223602484472,68752.09937888199,68751.77639751552,1096.9130434782608,68751.77639751552,0.6521739130434783,2.8260869565217392,0.0,0.0,0.0,0.0,0.0,ND,ND,38.0,1,1,1,0.0,0.0,1,1,1,1,1,1,0.0,0.0,0.0,1,0.0,1.0,1.0,0.0,0.0,0.0,618.0,1218.0,26.0,39.0,1,1,1,1.0,1,1,0.0,1,1,0.0,0.0,1,0.0,1,1,0.0,1.0,10.75,760077.0,70698.0,557.0,2.800000000000002,10.700000000000017,34.600000000000115,6445.0,188.40000000000072,1,0.6295562783133909,-2.410000000000011,34.0
35,Ohio,39.0,95.77854828,1385.2146341463415,[nan 'US-OH'],-14.53072625698324,-0.24581005586592178,110.98882681564245,-10.05586592178771,-27.782122905027933,8.681564245810057,-41.17567567567568,-33.86666666666667,37421.40506329114,1796.9493670886077,36926.656441717794,483085.490797546,853.4761904761905,1943.8918918918919,653.7239263803681,10262.852760736196,520019.13496932515,520012.1472392638,10916.576687116565,520012.1472392638,23.21472392638037,74.40490797546012,0.0,0.0,0.0,0.0,0.0,OH,OH,39.0,1,1,1,1.0,1.0,1,1,1,1,1,1,0.0,0.0,1.0,1,0.0,0.0,1.0,0.0,0.0,0.0,480.0,1080.0,26.0,39.0,1,1,1,1.0,1,1,0.0,1,1,0.0,0.0,1,1.0,1,1,0.0,1.0,260.769999999999,11689442.0,44826.0,10345.0,4.899999999999984,13.900000000000054,39.80000000000013,124264.0,245.0999999999991,1,0.5168765067578636,-10.56999999999999,33.0
36,Oklahoma,40.0,122.6894899,219.88292682926829,[nan 'US-OK'],-7.93854748603352,4.910614525139665,49.12849162011173,-2.1620111731843576,-24.106145251396647,6.994413407821229,-29.0,-23.746666666666666,11131.652173913044,279.96894409937886,11424.459627329192,217543.65625,331.36842105263156,306.83892617449663,291.27950310559004,4325.124223602485,227625.09316770185,227616.91304347827,4616.403726708075,227616.91304347827,4.0,24.5527950310559,0.0,0.0,0.0,0.0,0.0,OK,OK,40.0,1,1,1,0.0,0.0,1,1,1,1,1,1,0.0,0.0,0.0,1,0.0,1.0,0.0,0.0,0.0,0.0,539.0,1139.0,26.0,39.0,1,1,1,0.0,1,1,0.0,1,1,0.0,0.0,1,1.0,1,1,0.0,0.0,56.40999999999989,3943079.0,69899.0,3944.0,4.399999999999985,15.599999999999945,40.800000000000104,40933.0,401.39999999999964,1,0.6532286481962747,-3.740000000000007,37.0
37,Oregon,41.0,52.18400776,116.53170731707317,[nan 'US-OR'],-18.34078212290503,-0.8994413407821229,63.25139664804469,-23.106145251396647,-30.324022346368714,8.843575418994414,-43.08108108108108,-35.36,6173.678571428572,143.25595238095238,6448.280487804878,149034.40853658537,188.32846715328466,161.79333333333332,137.8658536585366,2746.737804878049,155500.76219512196,155482.68902439025,2884.6036585365855,155482.68902439025,2.347560975609756,11.359756097560975,0.0,0.0,0.0,0.0,0.0,OR,OR,41.0,1,1,1,0.0,0.0,1,1,1,1,1,1,0.0,0.0,1.0,1,0.0,1.0,1.0,0.0,1.0,0.0,648.0,1248.0,26.0,39.0,1,1,1,1.0,1,1,0.0,1,1,0.0,0.0,1,0.0,1,1,1.0,1.0,42.60000000000016,4190713.0,98379.0,15876.0,5.0,12.599999999999952,39.80000000000013,36187.0,522.3000000000019,0,0.3909403518449694,-1.580000000000001,41.0
38,Pennsylvania,42.0,94.75216686,3223.287804878049,[nan 'US-PA'],-20.87150837988827,-5.290502793296089,60.312849162011176,-31.893854748603353,-31.212290502793294,10.541899441340782,-48.45945945945946,-39.21333333333333,63068.51552795031,4136.739130434783,60553.549382716046,459625.4777070064,1359.8076923076924,4410.133333333333,758.9382716049382,8053.944444444444,505996.7469135802,505993.05555555556,8812.882716049382,505993.05555555556,45.95679012345679,0.0,0.0,0.0,0.0,0.0,0.0,PA,PA,42.0,1,1,1,1.0,1.0,1,1,1,1,1,1,0.0,0.0,1.0,1,0.0,1.0,1.0,0.0,0.0,0.0,572.0,1172.0,26.0,39.0,1,1,1,1.0,1,1,0.0,1,1,1.0,1.0,1,1.0,1,1,0.0,1.0,278.08999999999855,12807060.0,46054.0,13199.0,4.899999999999984,12.199999999999992,39.80000000000013,134702.0,206.1999999999997,0,0.485778858037462,3.1799999999999935,46.0
39,Rhode Island,44.0,133.7751132,429.74146341463415,[nan 'US-RI'],-15.145251396648044,-5.737430167597766,134.57627118644066,-37.12849162011173,-30.51396648044693,10.59217877094972,-43.78378378378378,-35.333333333333336,10782.9578313253,530.9518072289156,10988.461077844311,86679.23353293413,155.07692307692307,642.1942446043165,121.75449101796407,1254.6586826347304,97684.20359281437,97667.69461077845,1376.4131736526947,97667.69461077845,6.11377245508982,14.071856287425149,0.0,0.0,0.0,0.0,0.0,RI,RI,44.0,1,1,1,0.0,1.0,1,1,1,1,1,1,0.0,0.0,1.0,1,0.0,0.0,1.0,0.0,1.0,0.0,566.0,1166.0,26.0,39.0,1,1,1,1.0,1,1,0.0,1,1,0.0,0.0,1,0.0,1,1,1.0,1.0,684.3500000000025,1057315.0,1545.0,1055.0,5.5,12.900000000000048,38.300000000000125,10083.0,409.5,0,0.38898057499396577,2.839999999999994,52.0
40,South Carolina,45.0,0.000800949,459.1463414634146,[nan 'US-SC'],-11.139664804469273,1.994413407821229,26.675977653631286,-5.793296089385475,-24.731843575418996,7.76536312849162,-33.527027027027025,-26.56,26548.85714285714,584.8509316770186,26681.94512195122,221362.2743902439,1038.6279069767443,632.7697368421053,639.2743902439024,4554.5,248044.21951219512,248044.21951219512,5193.774390243902,248044.21951219512,13.439024390243903,41.78048780487805,0.0,0.0,0.0,0.0,0.0,SC,SC,45.0,1,1,1,1.0,1.0,1,1,1,1,1,1,1.0,1.0,0.0,1,0.0,1.0,0.0,0.0,0.0,0.0,326.0,926.0,20.0,33.0,1,1,1,0.0,1,1,0.0,1,1,0.0,0.0,1,0.0,1,1,0.0,0.0,158.77999999999955,5084127.0,32020.0,4172.0,5.29999999999998,15.300000000000043,41.39999999999984,50640.0,174.0999999999993,1,0.5493933268569547,-4.0800000000000125,37.0
41,South Dakota,46.0,702.8456004,44.41463414634146,[nan 'US-SD'],-4.558659217877095,16.776536312849164,179.2134831460674,10.128491620111731,-20.737430167597765,6.832402234636872,-14.14864864864865,-19.24,4431.929936305733,57.99363057324841,4384.503105590062,44169.1552795031,70.73275862068965,61.653333333333336,62.26086956521739,720.4037267080745,48569.65838509317,48553.65838509317,782.664596273292,48553.65838509317,0.9316770186335404,5.608695652173913,0.0,0.0,0.0,0.0,0.0,SD,SD,46.0,1,1,1,0.0,0.0,1,1,1,1,1,1,0.0,0.0,0.0,1,0.0,1.0,1.0,0.0,1.0,0.0,414.0,1014.0,26.0,39.0,1,1,1,1.0,1,1,0.0,1,1,0.0,0.0,1,0.0,1,1,0.0,0.0,11.440000000000042,882235.0,77116.0,995.0,3.0,13.099999999999952,35.30000000000012,7971.0,179.0,1,0.615307503789591,-3.1900000000000106,32.0
42,Tennessee,47.0,129.9558375,330.9268292682927,[nan 'US-TN'],-10.502793296089385,2.7486033519553073,52.79329608938548,-13.70949720670391,-25.24581005586592,7.435754189944134,-36.62162162162162,-27.16,33318.944444444445,414.77777777777777,34514.294478527605,536276.6369426751,805.8102189781022,476.82068965517243,800.3496932515337,10316.472392638037,551050.6871165644,551050.6871165644,11116.822085889571,551050.6871165644,8.134969325153374,35.122699386503065,0.0,0.0,0.0,0.0,0.0,TN,TN,47.0,1,1,1,1.0,0.0,1,1,1,1,1,1,0.0,0.0,0.0,1,0.0,1.0,1.0,0.0,1.0,0.0,275.0,875.0,26.0,39.0,1,1,1,1.0,1,1,0.0,1,1,0.0,0.0,1,1.0,1,1,0.0,0.0,160.6399999999996,6770010.0,42144.0,7467.0,5.5,15.300000000000043,41.60000000000016,71078.0,153.0,1,0.6072203369421479,-3.629999999999996,39.0
43,Texas,48.0,107.3270818,1829.9365853658537,[nan 'US-TX'],-18.307262569832403,-4.4916201117318435,-0.18994413407821228,-26.22905027932961,-29.865921787709496,11.039106145251397,-37.58108108108108,-30.266666666666666,114015.33695652174,1917.9891304347825,126214.50609756098,1233624.927152318,4370.350364963504,2290.860927152318,3174.3414634146343,22935.658536585364,1262052.0914634147,1262052.0914634147,26110.0,1262052.0914634147,58.548780487804876,0.0,0.0,0.0,0.0,0.0,0.0,TX,TX,48.0,1,1,1,1.0,0.0,1,1,1,1,1,1,1.0,0.0,0.0,1,0.0,1.0,1.0,1.0,0.0,0.0,521.0,1121.0,26.0,39.0,1,1,1,0.0,1,1,0.0,1,1,0.0,0.0,1,1.0,1,1,0.0,0.0,106.8600000000003,28701845.0,268596.0,25848.0,4.899999999999984,14.900000000000055,34.80000000000012,202211.0,111.79999999999957,1,0.5223468557933553,0.35000000000000026,43.0
44,Utah,49.0,135.3614115,92.99024390243902,[nan 'US-UT'],-13.87709497206704,5.664804469273743,94.79888268156425,-24.06145251396648,-30.150837988826815,8.670391061452515,-25.56756756756757,-20.92,13595.438596491229,112.046783625731,14674.031055900621,220141.35256410256,210.88,127.05882352941177,285.55900621118013,3377.894409937888,227978.69565217392,227978.69565217392,3663.4534161490683,227978.69565217392,2.2360248447204967,17.043478260869566,0.0,0.0,0.0,0.0,0.0,UT,UT,49.0,1,1,1,0.0,0.0,1,1,1,1,1,1,0.0,0.0,1.0,1,0.0,0.0,1.0,0.0,0.0,0.0,580.0,1180.0,26.0,39.0,1,1,1,1.0,1,1,0.0,1,1,1.0,1.0,1,0.0,1,1,0.0,1.0,37.229999999999805,3161105.0,84897.0,2798.0,3.2000000000000037,9.0,30.0,18354.0,335.5,1,0.45540816588100574,-5.6400000000000015,33.0
45,Vermont,50.0,36.29269901,33.546341463414635,[nan 'US-VT'],-19.508379888268156,-6.245810055865922,86.81460674157303,-31.027932960893853,-32.04469273743017,10.05586592178771,-55.7027027027027,-44.64,908.96875,42.825,913.4074074074074,39260.61111111111,20.744525547445257,46.858108108108105,9.265432098765432,653.8024691358024,40174.01851851852,40174.01851851852,663.0679012345679,40174.01851851852,0.35802469135802467,0.0,0.0,0.0,0.0,0.0,0.0,VT,VT,50.0,1,1,1,0.0,1.0,1,1,1,1,1,1,0.0,0.0,1.0,1,0.0,1.0,1.0,0.0,1.0,0.0,513.0,1113.0,26.0,39.0,1,1,1,1.0,1,1,0.0,1,1,0.0,0.0,1,0.0,1,1,1.0,1.0,65.12999999999975,626299.0,9616.0,1089.0,3.799999999999989,11.0,39.10000000000015,6027.0,452.3000000000017,1,0.2975938240130826,-0.030000000000000034,43.0
46,Virginia,51.0,80.87941309,860.6975609756098,[nan 'US-VA'],-19.223463687150836,-2.9720670391061454,47.59217877094972,-30.29050279329609,-31.256983240223462,11.089385474860336,-39.986486486486484,-31.546666666666667,39946.1125,1101.7875,39894.10429447853,364416.79141104297,1215.6666666666667,1168.4705882352941,643.1779141104295,7456.539877300614,404646.2760736196,404310.89570552146,8099.7177914110425,404310.89570552146,14.539877300613497,90.65030674846626,0.0,0.0,0.0,0.0,0.0,VA,VA,51.0,1,1,1,0.0,1.0,1,1,1,1,1,1,0.0,1.0,0.0,1,0.0,1.0,1.0,0.0,1.0,0.0,378.0,978.0,26.0,39.0,1,1,1,1.0,1,1,0.0,1,1,0.0,0.0,1,0.0,1,1,0.0,1.0,199.12999999999974,8517685.0,42775.0,5783.0,4.200000000000014,10.700000000000017,35.89999999999988,69359.0,171.90000000000063,0,0.4442764701392422,-1.6600000000000041,41.0
47,Washington,53.0,61.56141483,744.2341463414634,[nan 'US-WA'],-21.463687150837988,-3.3854748603351954,63.273743016759774,-33.96648044692738,-34.787709497206706,10.865921787709498,-42.527027027027025,-34.72,19821.266990291264,756.1116504854369,20155.368932038837,292882.6650485437,365.45112781954884,900.3918128654971,317.16990291262135,4612.169902912621,313038.645631068,313038.03398058255,4929.339805825242,313038.03398058255,8.427184466019417,30.009708737864077,0.0,0.0,0.0,0.0,0.0,WA,WA,53.0,1,1,1,0.0,0.0,1,1,1,1,1,1,0.0,0.0,1.0,1,0.0,1.0,1.0,1.0,0.0,0.0,790.0,1390.0,26.0,39.0,1,1,1,1.0,1,1,0.0,1,1,1.0,0.0,1,0.0,1,1,1.0,1.0,105.6899999999998,7535591.0,71298.0,21577.0,4.299999999999986,10.299999999999978,35.10000000000012,56877.0,373.30000000000143,0,0.36832680186637423,-2.6000000000000103,40.0
48,West Virginia,54.0,93.35814588,47.97073170731707,[nan 'US-WV'],-9.776536312849162,2.005586592178771,47.46368715083799,-0.33519553072625696,-24.256983240223462,6.810055865921788,-42.63513513513514,-38.626666666666665,2557.4666666666667,65.97333333333333,2407.462962962963,110457.82716049382,62.91338582677165,65.3202614379085,51.074074074074076,2076.6975308641977,112866.20370370371,112865.29012345678,2127.7716049382716,112865.29012345678,0.9691358024691358,0.0,0.0,0.0,0.0,0.0,0.0,WV,WV,54.0,1,1,1,1.0,1.0,1,1,1,1,1,1,0.0,0.0,1.0,1,0.0,1.0,1.0,0.0,0.0,0.0,424.0,1024.0,26.0,39.0,1,1,1,1.0,1,1,0.0,1,1,0.0,0.0,1,1.0,1,1,0.0,1.0,74.53000000000027,1805832.0,24230.0,1397.0,5.799999999999978,17.80000000000006,49.29999999999996,23478.0,127.79999999999954,0,0.6863057481161952,-2.329999999999995,39.0
49,Wisconsin,55.0,116.8342293,387.1658536585366,[nan 'US-WI'],-16.134078212290504,1.312849162011173,133.35754189944134,-12.217877094972067,-25.324022346368714,9.072625698324023,-36.04054054054054,-30.253333333333334,18055.523560209425,418.9214659685864,21992.134146341465,325810.9451219512,390.8492063492063,544.8986486486486,418.780487804878,6369.475609756098,347939.6158536585,347803.0792682927,6788.256097560976,347803.0792682927,6.2926829268292686,31.920731707317074,0.0,0.0,0.0,0.0,0.0,WI,WI,55.0,1,1,1,0.0,0.0,1,1,1,1,1,1,1.0,0.0,0.0,1,0.0,1.0,1.0,0.0,1.0,0.0,370.0,970.0,26.0,39.0,1,1,1,1.0,1,1,0.0,1,1,1.0,0.0,1,0.0,1,1,0.0,0.0,88.76,5813568.0,65496.0,4538.0,3.2000000000000037,11.0,36.5,53684.0,200.19999999999982,0,0.472181845673102,-9.349999999999966,31.0
50,Wyoming,56.0,113.2892203,9.770731707317074,[nan 'US-WY'],-3.798882681564246,13.932960893854748,120.29824561403508,14.71508379888268,-20.731843575418996,5.391061452513966,-36.7027027027027,-24.84,1094.9358974358975,12.85897435897436,1064.1987577639752,23481.486842105263,11.75,14.411347517730496,19.770186335403725,352.85093167701865,23233.05590062112,23233.05590062112,372.62111801242236,23233.05590062112,0.18633540372670807,1.186335403726708,0.0,0.0,0.0,0.0,0.0,WY,WY,56.0,1,1,1,0.0,0.0,1,1,1,1,1,1,0.0,0.0,0.0,1,1.0,1.0,0.0,0.0,0.0,0.0,508.0,1108.0,26.0,39.0,1,1,1,0.0,1,1,0.0,1,1,0.0,0.0,1,0.0,1,1,0.0,0.0,5.910000000000005,577737.0,97813.0,548.0,3.899999999999986,11.099999999999957,36.39999999999987,5070.0,343.19999999999874,1,0.6739841105460861,-1.560000000000002,38.0
